<?xml version="1.0" encoding="UTF-8"?>
<GenRun Id="synth_1" LaunchPart="xc7k160tfbg484-2" LaunchTime="1580155396">
  <File Type="VDS-TIMINGSUMMARY" Name="lstm_timing_summary_synth.rpt"/>
  <File Type="RDS-DCP" Name="lstm.dcp"/>
  <File Type="RDS-UTIL-PB" Name="lstm_utilization_synth.pb"/>
  <File Type="RDS-UTIL" Name="lstm_utilization_synth.rpt"/>
  <File Type="RDS-PROPCONSTRS" Name="lstm_drc_synth.rpt"/>
  <File Type="RDS-RDS" Name="lstm.vds"/>
  <File Type="REPORTS-TCL" Name="lstm_reports.tcl"/>
  <File Type="VDS-TIMING-PB" Name="lstm_timing_summary_synth.pb"/>
  <File Type="PA-TCL" Name="lstm.tcl"/>
  <FileSet Name="sources" Type="DesignSrcs" RelSrcDir="$PSRCDIR/sources_1">
    <Filter Type="Srcs"/>
    <File Path="$PPRDIR/../LSTM-master/add_array.v">
      <FileInfo>
        <Attr Name="UsedIn" Val="synthesis"/>
        <Attr Name="UsedIn" Val="implementation"/>
        <Attr Name="UsedIn" Val="simulation"/>
      </FileInfo>
    </File>
    <File Path="$PPRDIR/../LSTM-master/controller.v">
      <FileInfo>
        <Attr Name="UsedIn" Val="synthesis"/>
        <Attr Name="UsedIn" Val="implementation"/>
        <Attr Name="UsedIn" Val="simulation"/>
      </FileInfo>
    </File>
    <File Path="$PPRDIR/../LSTM-master/gate.v">
      <FileInfo>
        <Attr Name="UsedIn" Val="synthesis"/>
        <Attr Name="UsedIn" Val="implementation"/>
        <Attr Name="UsedIn" Val="simulation"/>
      </FileInfo>
    </File>
    <File Path="$PPRDIR/../LSTM-master/memory.v">
      <FileInfo>
        <Attr Name="UsedIn" Val="synthesis"/>
        <Attr Name="UsedIn" Val="implementation"/>
        <Attr Name="UsedIn" Val="simulation"/>
      </FileInfo>
    </File>
    <File Path="$PPRDIR/../LSTM-master/mult_array.v">
      <FileInfo>
        <Attr Name="UsedIn" Val="synthesis"/>
        <Attr Name="UsedIn" Val="implementation"/>
        <Attr Name="UsedIn" Val="simulation"/>
      </FileInfo>
    </File>
    <File Path="$PPRDIR/../LSTM-master/network.v">
      <FileInfo>
        <Attr Name="UsedIn" Val="synthesis"/>
        <Attr Name="UsedIn" Val="implementation"/>
        <Attr Name="UsedIn" Val="simulation"/>
      </FileInfo>
    </File>
    <File Path="$PPRDIR/../LSTM-master/sigmoid.v">
      <FileInfo>
        <Attr Name="UsedIn" Val="synthesis"/>
        <Attr Name="UsedIn" Val="implementation"/>
        <Attr Name="UsedIn" Val="simulation"/>
      </FileInfo>
    </File>
    <File Path="$PPRDIR/../LSTM-master/tanh.v">
      <FileInfo>
        <Attr Name="UsedIn" Val="synthesis"/>
        <Attr Name="UsedIn" Val="implementation"/>
        <Attr Name="UsedIn" Val="simulation"/>
      </FileInfo>
    </File>
    <File Path="$PPRDIR/../LSTM-master/lstm.v">
      <FileInfo>
        <Attr Name="UsedIn" Val="synthesis"/>
        <Attr Name="UsedIn" Val="implementation"/>
        <Attr Name="UsedIn" Val="simulation"/>
      </FileInfo>
    </File>
    <Config>
      <Option Name="DesignMode" Val="RTL"/>
      <Option Name="TopModule" Val="lstm"/>
      <Option Name="TopAutoSet" Val="TRUE"/>
    </Config>
  </FileSet>
  <FileSet Name="constrs_in" Type="Constrs" RelSrcDir="$PSRCDIR/constrs_1">
    <Filter Type="Constrs"/>
    <Config>
      <Option Name="ConstrsType" Val="XDC"/>
    </Config>
  </FileSet>
  <FileSet Name="utils" Type="Utils" RelSrcDir="$PSRCDIR/utils_1">
    <Filter Type="Utils"/>
    <Config>
      <Option Name="TopAutoSet" Val="TRUE"/>
    </Config>
  </FileSet>
  <Strategy Version="1" Minor="2">
    <StratHandle Name="Vivado Synthesis Defaults" Flow="Vivado Synthesis 2019"/>
    <Step Id="synth_design"/>
  </Strategy>
  <BlockFileSet Type="BlockSrcs" Name="mem_c"/>
  <BlockFileSet Type="BlockSrcs" Name="mem_wx"/>
  <BlockFileSet Type="BlockSrcs" Name="mem_x"/>
  <BlockFileSet Type="BlockSrcs" Name="mem_gate"/>
  <BlockFileSet Type="BlockSrcs" Name="mem_b"/>
  <BlockFileSet Type="BlockSrcs" Name="mem_wh"/>
  <BlockFileSet Type="BlockSrcs" Name="mult"/>
  <BlockFileSet Type="BlockSrcs" Name="add"/>
  <BlockFileSet Type="BlockSrcs" Name="mem_h"/>
  <BlockFileSet Type="BlockSrcs" Name="accum"/>
</GenRun>
