<?xml version="1.0" encoding="UTF-8"?>
<GenRun Id="impl_1" LaunchPart="xc7k160tfbg484-2" LaunchTime="1580155433">
  <File Type="WBT-USG" Name="usage_statistics_webtalk.html"/>
  <File Type="RDI-RDI" Name="lstm.vdi"/>
  <File Type="BG-DRC" Name="lstm.drc"/>
  <File Type="BG-BGN" Name="lstm.bgn"/>
  <File Type="BITSTR-SYSDEF" Name="lstm.sysdef"/>
  <File Type="BITSTR-LTX" Name="debug_nets.ltx"/>
  <File Type="BITSTR-LTX" Name="lstm.ltx"/>
  <File Type="BITSTR-MMI" Name="lstm.mmi"/>
  <File Type="BITSTR-BMM" Name="lstm_bd.bmm"/>
  <File Type="BITSTR-NKY" Name="lstm.nky"/>
  <File Type="BITSTR-RBT" Name="lstm.rbt"/>
  <File Type="BITSTR-MSK" Name="lstm.msk"/>
  <File Type="BG-BIN" Name="lstm.bin"/>
  <File Type="BG-BIT" Name="lstm.bit"/>
  <File Type="POSTROUTE-PHYSOPT-BUS-SKEW-RPX" Name="lstm_bus_skew_postroute_physopted.rpx"/>
  <File Type="POSTROUTE-PHYSOPT-BUS-SKEW-PB" Name="lstm_bus_skew_postroute_physopted.pb"/>
  <File Type="POSTROUTE-PHYSOPT-BUS-SKEW" Name="lstm_bus_skew_postroute_physopted.rpt"/>
  <File Type="POSTROUTE-PHYSOPT-TIMING-RPX" Name="lstm_timing_summary_postroute_physopted.rpx"/>
  <File Type="POSTROUTE-PHYSOPT-TIMING-PB" Name="lstm_timing_summary_postroute_physopted.pb"/>
  <File Type="POSTROUTE-PHYSOPT-TIMING" Name="lstm_timing_summary_postroute_physopted.rpt"/>
  <File Type="POSTROUTE-PHYSOPT-BLACKBOX-DCP" Name="lstm_postroute_physopt_bb.dcp"/>
  <File Type="POSTROUTE-PHYSOPT-DCP" Name="lstm_postroute_physopt.dcp"/>
  <File Type="ROUTE-BUS-SKEW-RPX" Name="lstm_bus_skew_routed.rpx"/>
  <File Type="ROUTE-BUS-SKEW-PB" Name="lstm_bus_skew_routed.pb"/>
  <File Type="ROUTE-BUS-SKEW" Name="lstm_bus_skew_routed.rpt"/>
  <File Type="ROUTE-CLK" Name="lstm_clock_utilization_routed.rpt"/>
  <File Type="ROUTE-SIMILARITY" Name="lstm_incremental_reuse_routed.rpt"/>
  <File Type="ROUTE-TIMING-RPX" Name="lstm_timing_summary_routed.rpx"/>
  <File Type="ROUTE-TIMING-PB" Name="lstm_timing_summary_routed.pb"/>
  <File Type="ROUTE-TIMINGSUMMARY" Name="lstm_timing_summary_routed.rpt"/>
  <File Type="ROUTE-STATUS-PB" Name="lstm_route_status.pb"/>
  <File Type="ROUTE-STATUS" Name="lstm_route_status.rpt"/>
  <File Type="ROUTE-PWR-RPX" Name="lstm_power_routed.rpx"/>
  <File Type="ROUTE-PWR-SUM" Name="lstm_power_summary_routed.pb"/>
  <File Type="ROUTE-PWR" Name="lstm_power_routed.rpt"/>
  <File Type="ROUTE-METHODOLOGY-DRC-PB" Name="lstm_methodology_drc_routed.pb"/>
  <File Type="ROUTE-METHODOLOGY-DRC-RPX" Name="lstm_methodology_drc_routed.rpx"/>
  <File Type="ROUTE-METHODOLOGY-DRC" Name="lstm_methodology_drc_routed.rpt"/>
  <File Type="ROUTE-DRC-RPX" Name="lstm_drc_routed.rpx"/>
  <File Type="ROUTE-DRC-PB" Name="lstm_drc_routed.pb"/>
  <File Type="ROUTE-DRC" Name="lstm_drc_routed.rpt"/>
  <File Type="ROUTE-BLACKBOX-DCP" Name="lstm_routed_bb.dcp"/>
  <File Type="ROUTE-DCP" Name="lstm_routed.dcp"/>
  <File Type="ROUTE-ERROR-DCP" Name="lstm_routed_error.dcp"/>
  <File Type="PHYSOPT-TIMING" Name="lstm_timing_summary_physopted.rpt"/>
  <File Type="PHYSOPT-DRC" Name="lstm_drc_physopted.rpt"/>
  <File Type="PHYSOPT-DCP" Name="lstm_physopt.dcp"/>
  <File Type="POSTPLACE-PWROPT-TIMING" Name="lstm_timing_summary_postplace_pwropted.rpt"/>
  <File Type="POSTPLACE-PWROPT-DCP" Name="lstm_postplace_pwropt.dcp"/>
  <File Type="PLACE-TIMING" Name="lstm_timing_summary_placed.rpt"/>
  <File Type="PLACE-PRE-SIMILARITY" Name="lstm_incremental_reuse_pre_placed.rpt"/>
  <File Type="PLACE-SIMILARITY" Name="lstm_incremental_reuse_placed.rpt"/>
  <File Type="PLACE-CTRL" Name="lstm_control_sets_placed.rpt"/>
  <File Type="PLACE-UTIL-PB" Name="lstm_utilization_placed.pb"/>
  <File Type="PLACE-UTIL" Name="lstm_utilization_placed.rpt"/>
  <File Type="PLACE-CLK" Name="lstm_clock_utilization_placed.rpt"/>
  <File Type="PLACE-IO" Name="lstm_io_placed.rpt"/>
  <File Type="PLACE-DCP" Name="lstm_placed.dcp"/>
  <File Type="PWROPT-DRC" Name="lstm_drc_pwropted.rpt"/>
  <File Type="PWROPT-DCP" Name="lstm_pwropt.dcp"/>
  <File Type="OPT-HWDEF" Name="lstm.hwdef"/>
  <File Type="OPT-METHODOLOGY-DRC" Name="lstm_methodology_drc_opted.rpt"/>
  <File Type="OPT-DRC" Name="lstm_drc_opted.rpt"/>
  <File Type="OPT-DCP" Name="lstm_opt.dcp"/>
  <File Type="INIT-TIMING" Name="lstm_timing_summary_init.rpt"/>
  <File Type="PWROPT-TIMING" Name="lstm_timing_summary_pwropted.rpt"/>
  <File Type="REPORTS-TCL" Name="lstm_reports.tcl"/>
  <File Type="OPT-TIMING" Name="lstm_timing_summary_opted.rpt"/>
  <File Type="PA-TCL" Name="lstm.tcl"/>
  <FileSet Name="sources" Type="DesignSrcs" RelSrcDir="$PSRCDIR/sources_1">
    <Filter Type="Srcs"/>
    <File Path="$PPRDIR/../LSTM-master/add_array.v">
      <FileInfo>
        <Attr Name="UsedIn" Val="synthesis"/>
        <Attr Name="UsedIn" Val="implementation"/>
        <Attr Name="UsedIn" Val="simulation"/>
      </FileInfo>
    </File>
    <File Path="$PPRDIR/../LSTM-master/controller.v">
      <FileInfo>
        <Attr Name="UsedIn" Val="synthesis"/>
        <Attr Name="UsedIn" Val="implementation"/>
        <Attr Name="UsedIn" Val="simulation"/>
      </FileInfo>
    </File>
    <File Path="$PPRDIR/../LSTM-master/gate.v">
      <FileInfo>
        <Attr Name="UsedIn" Val="synthesis"/>
        <Attr Name="UsedIn" Val="implementation"/>
        <Attr Name="UsedIn" Val="simulation"/>
      </FileInfo>
    </File>
    <File Path="$PPRDIR/../LSTM-master/memory.v">
      <FileInfo>
        <Attr Name="UsedIn" Val="synthesis"/>
        <Attr Name="UsedIn" Val="implementation"/>
        <Attr Name="UsedIn" Val="simulation"/>
      </FileInfo>
    </File>
    <File Path="$PPRDIR/../LSTM-master/mult_array.v">
      <FileInfo>
        <Attr Name="UsedIn" Val="synthesis"/>
        <Attr Name="UsedIn" Val="implementation"/>
        <Attr Name="UsedIn" Val="simulation"/>
      </FileInfo>
    </File>
    <File Path="$PPRDIR/../LSTM-master/network.v">
      <FileInfo>
        <Attr Name="UsedIn" Val="synthesis"/>
        <Attr Name="UsedIn" Val="implementation"/>
        <Attr Name="UsedIn" Val="simulation"/>
      </FileInfo>
    </File>
    <File Path="$PPRDIR/../LSTM-master/sigmoid.v">
      <FileInfo>
        <Attr Name="UsedIn" Val="synthesis"/>
        <Attr Name="UsedIn" Val="implementation"/>
        <Attr Name="UsedIn" Val="simulation"/>
      </FileInfo>
    </File>
    <File Path="$PPRDIR/../LSTM-master/tanh.v">
      <FileInfo>
        <Attr Name="UsedIn" Val="synthesis"/>
        <Attr Name="UsedIn" Val="implementation"/>
        <Attr Name="UsedIn" Val="simulation"/>
      </FileInfo>
    </File>
    <File Path="$PPRDIR/../LSTM-master/lstm.v">
      <FileInfo>
        <Attr Name="UsedIn" Val="synthesis"/>
        <Attr Name="UsedIn" Val="implementation"/>
        <Attr Name="UsedIn" Val="simulation"/>
      </FileInfo>
    </File>
    <Config>
      <Option Name="DesignMode" Val="RTL"/>
      <Option Name="TopModule" Val="lstm"/>
      <Option Name="TopAutoSet" Val="TRUE"/>
    </Config>
  </FileSet>
  <FileSet Name="constrs_in" Type="Constrs" RelSrcDir="$PSRCDIR/constrs_1">
    <Filter Type="Constrs"/>
    <Config>
      <Option Name="ConstrsType" Val="XDC"/>
    </Config>
  </FileSet>
  <FileSet Name="utils" Type="Utils" RelSrcDir="$PSRCDIR/utils_1">
    <Filter Type="Utils"/>
    <Config>
      <Option Name="TopAutoSet" Val="TRUE"/>
    </Config>
  </FileSet>
  <Strategy Version="1" Minor="2">
    <StratHandle Name="Vivado Implementation Defaults" Flow="Vivado Implementation 2019"/>
    <Step Id="init_design"/>
    <Step Id="opt_design"/>
    <Step Id="power_opt_design"/>
    <Step Id="place_design"/>
    <Step Id="post_place_power_opt_design"/>
    <Step Id="phys_opt_design"/>
    <Step Id="route_design"/>
    <Step Id="post_route_phys_opt_design"/>
    <Step Id="write_bitstream"/>
  </Strategy>
  <BlockFileSet Type="BlockSrcs" Name="mem_c"/>
  <BlockFileSet Type="BlockSrcs" Name="mem_wx"/>
  <BlockFileSet Type="BlockSrcs" Name="mem_x"/>
  <BlockFileSet Type="BlockSrcs" Name="mem_gate"/>
  <BlockFileSet Type="BlockSrcs" Name="mem_b"/>
  <BlockFileSet Type="BlockSrcs" Name="mem_wh"/>
  <BlockFileSet Type="BlockSrcs" Name="mult"/>
  <BlockFileSet Type="BlockSrcs" Name="add"/>
  <BlockFileSet Type="BlockSrcs" Name="mem_h"/>
  <BlockFileSet Type="BlockSrcs" Name="accum"/>
</GenRun>
