<?xml version="1.0" encoding="UTF-8"?>
<GenRun Id="mem_wx_synth_1" LaunchPart="xc7k160tfbg484-2" LaunchTime="1570491883">
  <File Type="RDS-UTIL" Name="mem_wx_utilization_synth.rpt"/>
  <File Type="PA-TCL" Name="mem_wx.tcl"/>
  <File Type="RDS-UTIL-PB" Name="mem_wx_utilization_synth.pb"/>
  <File Type="REPORTS-TCL" Name="mem_wx_reports.tcl"/>
  <File Type="RDS-DCP" Name="mem_wx.dcp"/>
  <File Type="RDS-RDS" Name="mem_wx.vds"/>
  <FileSet Name="sources" Type="BlockSrcs" RelSrcDir="$PSRCDIR/mem_wx">
    <File Path="$PSRCDIR/sources_1/ip/mem_wx/mem_wx.xci">
      <FileInfo>
        <Attr Name="UsedIn" Val="synthesis"/>
        <Attr Name="UsedIn" Val="implementation"/>
        <Attr Name="UsedIn" Val="simulation"/>
      </FileInfo>
    </File>
    <File Path="$PSRCDIR/sources_1/ip/mem_wx.xcix">
      <FileInfo>
        <Attr Name="UsedIn" Val="synthesis"/>
        <Attr Name="UsedIn" Val="implementation"/>
        <Attr Name="UsedIn" Val="simulation"/>
      </FileInfo>
    </File>
    <Config>
      <Option Name="TopModule" Val="mem_wx"/>
      <Option Name="UseBlackboxStub" Val="1"/>
    </Config>
  </FileSet>
  <FileSet Name="constrs_in" Type="BlockSrcs" RelSrcDir="$PSRCDIR/mem_wx">
    <File Path="$PSRCDIR/sources_1/ip/mem_wx/mem_wx.xci">
      <FileInfo>
        <Attr Name="UsedIn" Val="synthesis"/>
        <Attr Name="UsedIn" Val="implementation"/>
        <Attr Name="UsedIn" Val="simulation"/>
      </FileInfo>
    </File>
    <File Path="$PSRCDIR/sources_1/ip/mem_wx.xcix">
      <FileInfo>
        <Attr Name="UsedIn" Val="synthesis"/>
        <Attr Name="UsedIn" Val="implementation"/>
        <Attr Name="UsedIn" Val="simulation"/>
      </FileInfo>
    </File>
    <Config>
      <Option Name="TopModule" Val="mem_wx"/>
      <Option Name="UseBlackboxStub" Val="1"/>
    </Config>
  </FileSet>
  <FileSet Name="utils" Type="Utils" RelSrcDir="$PSRCDIR/utils_1">
    <Filter Type="Utils"/>
    <Config>
      <Option Name="TopAutoSet" Val="TRUE"/>
    </Config>
  </FileSet>
  <Strategy Version="1" Minor="2">
    <StratHandle Name="Vivado Synthesis Defaults" Flow="Vivado Synthesis 2019"/>
    <Step Id="synth_design"/>
  </Strategy>
</GenRun>
